Main_ID,Arcana,Name,Level,Stat_ID,Str_Wea_ID,Wiki_Link,FunFact,Fuseable,SpecialFusion,Max_SL,DLC,Spoiler,Treasure
1,1,Arsene,1,1,1,https://megamitensei.fandom.com/wiki/Ars%C3%A8ne#Persona%20(P5R),Arsene Lupin is a fictional gentleman thief created by Maurice Leblanc.,TRUE,FALSE,FALSE,FALSE,FALSE,FALSE
2,1,Obariyon,8,2,2,https://megamitensei.fandom.com/wiki/Obariyon#Persona,"The Obariyon is a Japanese ""piggyback demon"" from local folklore.",TRUE,FALSE,FALSE,FALSE,FALSE,FALSE
3,1,Orpheus(Female),11,3,3,https://megamitensei.fandom.com/wiki/Orpheus,"Orpheus was so skilled at making music that he was called ""Master of Strings"" and ""Father of Songs"", capable of such music that even rocks and animals would be compelled to dance.",TRUE,FALSE,FALSE,TRUE,FALSE,FALSE
4,1,Orpheus Picaro (Female),13,4,4,https://megamitensei.fandom.com/wiki/Orpheus,"Orpheus was so skilled at making music that he was called ""Master of Strings"" and ""Father of Songs"", capable of such music that even rocks and animals would be compelled to dance.",TRUE,FALSE,FALSE,TRUE,FALSE,FALSE
5,1,High Pixie,16,5,5,https://megamitensei.fandom.com/wiki/High_Pixie#Persona%20(P5R),"They watch over the younger pixies as guardians, and ensure they are kept out of danger, although they are every bit as mischievous as their younger counterparts.",TRUE,FALSE,FALSE,FALSE,FALSE,FALSE
6,1,Izanagi,20,6,6,https://megamitensei.fandom.com/wiki/Izanagi,Izanagi is a Japanese creation deity born of the seven divine generations in Japanese mythology.,TRUE,FALSE,FALSE,TRUE,FALSE,FALSE
7,1,Izanagi Picaro,23,7,7,https://megamitensei.fandom.com/wiki/Izanagi,Izanagi is a Japanese creation deity born of the seven divine generations in Japanese mythology.,TRUE,FALSE,FALSE,TRUE,FALSE,FALSE
8,1,Orpheus,26,8,8,https://megamitensei.fandom.com/wiki/Orpheus,"Compared to every other initial Personas in the Persona series, he has the worst affinities due to him having two weaknesses, without having any resistances to compensate",TRUE,FALSE,FALSE,TRUE,FALSE,FALSE
9,1,Orpheus Picaro,29,9,9,https://megamitensei.fandom.com/wiki/Orpheus,"Compared to every other initial Personas in the Persona series, he has the worst affinities due to him having two weaknesses, without having any resistances to compensate",TRUE,FALSE,FALSE,TRUE,FALSE,FALSE
10,1,Legion,38,10,10,https://megamitensei.fandom.com/wiki/Legion,Legion is a single demon or a group of demons that combined into one which was referred in Christian literature.,TRUE,FALSE,FALSE,FALSE,FALSE,FALSE
11,1,Ose,42,11,11,https://megamitensei.fandom.com/wiki/Ose,"He gives skill in all liberal sciences and true answers concerning divine and secret things. He can change any men into any shape the exorcist may desire, and the one that is changed will not know it.",TRUE,FALSE,FALSE,FALSE,FALSE,FALSE
12,1,Bugs,49,12,12,https://megamitensei.fandom.com/wiki/Bugbear,Bugbear was used to frighten children into behaving or obeying their parents.,TRUE,TRUE,FALSE,FALSE,FALSE,FALSE
13,1,Crystal Skull*,50,13,13,https://megamitensei.fandom.com/wiki/Crystal_Skull,The Crystal Skulls were once believed to be pre-Columbian Mesoamerican artifacts. When all 13 skulls are closely gathered it is said to reveal the mysteries of the universe,FALSE,FALSE,FALSE,FALSE,FALSE,TRUE
14,1,Black Frost,67,14,14,https://megamitensei.fandom.com/wiki/Black_Frost,Black Frost is Atlus' evil rendition of the more good-spirited demon Jack Frost.,TRUE,TRUE,FALSE,FALSE,FALSE,FALSE
15,1,Raoul,76,15,15,https://megamitensei.fandom.com/wiki/Raoul,"Despite being a third tier Persona, Raoul is a lower level than Satanael and has a weakness, when Satanael doesn't.",TRUE,FALSE,FALSE,TRUE,FALSE,FALSE
16,1,Vishnu,83,16,16,https://megamitensei.fandom.com/wiki/Vishnu,He is called The Preserver and is known for a kindly demeanor and genuine interest in the welfare of humanity.,TRUE,FALSE,FALSE,FALSE,FALSE,FALSE
17,1,Satanael,95,17,17,https://megamitensei.fandom.com/wiki/Satanael,"Satanael, also known as Sataniel, is mentioned as a leader of the fallen angels that rebelled against YHVH, by refusing to bow to the human Enoch, leading to his imprisonment. Due to his name and role, he is considered an interpretation of Lucifer.",TRUE,TRUE,FALSE,FALSE,TRUE,FALSE
18,2,Zorro*,1,18,18,https://megamitensei.fandom.com/wiki/Zorro#Persona%205%20Royal,He is a masked outlaw who defends commoners and the indigenous people of the land against tyrannical officials and other villains.,FALSE,FALSE,FALSE,FALSE,FALSE,FALSE
19,2,Mercurius*,0,19,19,https://megamitensei.fandom.com/wiki/Mercurius#Persona%205%20Royal,"Mercurius, also known as Mercury, is the Roman god of commerce, speed and merchants along with being the messenger god of the Dii Consentes, the roman pantheon of gods.",FALSE,FALSE,FALSE,FALSE,TRUE,FALSE
20,2,Diego*,0,20,20,https://megamitensei.fandom.com/wiki/Diego,The true name of Zorro.,FALSE,FALSE,FALSE,FALSE,TRUE,FALSE
21,2,Pyro Jack,2,21,21,https://megamitensei.fandom.com/wiki/Pyro_Jack,"In Japan, Pyro Jack is named after the fabled figure Jack-O'-Lantern.",TRUE,FALSE,FALSE,FALSE,FALSE,FALSE
22,2,Cait Sith,5,22,22,https://megamitensei.fandom.com/wiki/Cait_Sith,The Cait Sith appears in Irish and Scottish legends and served as the model for Puss-in-Boots.,TRUE,FALSE,FALSE,FALSE,FALSE,FALSE
23,2,Jack Frost,11,23,23,https://megamitensei.fandom.com/wiki/Jack_Frost,"He is the official mascot of Atlus Co., Ltd.. Because of this, he makes recurring appearances in a number of Atlus games (primarily in the Megami Tensei series).",TRUE,FALSE,FALSE,FALSE,FALSE,FALSE
24,2,Nekomata,17,24,24,https://megamitensei.fandom.com/wiki/Nekomata,"In Revelations: Persona, Nekomata was renamed Felicia as a reference to the character of the same name from Capcom's Darkstalkers fighting series.",TRUE,FALSE,FALSE,FALSE,FALSE,FALSE
25,2,Sandman,23,25,25,https://megamitensei.fandom.com/wiki/Sandman,"Originating from Northern European lore, the Sandman brings good dreams by sprinkling magical sand onto the eyes of children while they sleep at night.",TRUE,FALSE,FALSE,FALSE,FALSE,FALSE
26,2,Choronzon,28,26,26,https://megamitensei.fandom.com/wiki/Choronzon,"Choronzon is mentioned by occultists in the 16th century, but became famous due to Aleister Crowley and his belief system, Thelema, described further in his book Liber AL vel Legis or the Book of Law.",TRUE,FALSE,FALSE,FALSE,FALSE,FALSE
27,2,Queen Mab,43,27,27,https://megamitensei.fandom.com/wiki/Queen_Mab#Persona,"Queen Mab is said to be the queen of the Unseelie Court and the dark counterpart of the fairy queen Titania. She was first referred as a fairy in William Shakespeare's play Romeo and Juliet, where ""she is the fairies' midwife.""",TRUE,FALSE,FALSE,FALSE,FALSE,FALSE
28,2,Rangda,48,28,28,https://megamitensei.fandom.com/wiki/Rangda,"Rangda is the demon queen of the leyaks in Bali, according to traditional Balinese mythology. Terrifying to behold, the child-eating Rangda leads an army of evil witches against the leader of the forces of good, Barong.",TRUE,FALSE,FALSE,FALSE,FALSE,FALSE
29,2,Forneus,63,29,29,https://megamitensei.fandom.com/wiki/Forneus,"He is a Great Marquis of Hell with twenty-nine legions under his command, partly comprised of the order of angels and thrones, and appears as a sea monster.",TRUE,FALSE,FALSE,FALSE,FALSE,FALSE
30,2,Surt,83,30,30,https://megamitensei.fandom.com/wiki/Surt,"It is also said to be the creator and the destroyer, as the fires of his realm created the stars of the heavens, and later during Ragnarok, it will rain down fire unto all land.",TRUE,FALSE,FALSE,FALSE,FALSE,FALSE
31,2,Futsunushi,86,31,31,https://megamitensei.fandom.com/wiki/Futsunushi,Futsunushi-no-kami is a Shinto deity of swords. He is regarded as the personification of the sword Futsu-no-mitama.,TRUE,FALSE,TRUE,FALSE,FALSE,FALSE
32,3,Johanna*,21,32,32,https://megamitensei.fandom.com/wiki/Johanna,"Johanna's motorcycle design may be a reference to Pope Joan taking on a role primarily dominated by men, as pioneering motorcycles was primarily used by men until the early 1900s.",FALSE,FALSE,FALSE,FALSE,FALSE,FALSE
33,3,Anat*,0,33,33,https://megamitensei.fandom.com/wiki/Anat,"Anat, also known as Anath, is a Semitic warrior goddess of war and sacrifice along with being the Syrian goddess that is associated with love, fertility and sex.",FALSE,FALSE,FALSE,FALSE,TRUE,FALSE
34,3,Agnes*,0,34,34,https://megamitensei.fandom.com/wiki/Agnes,"While references to a female pope go back to the 12th century, modern historians consider Pope Joan to be a fictional creation meant to discredit the church.",FALSE,FALSE,FALSE,FALSE,TRUE,FALSE
35,3,Silky,6,35,35,https://megamitensei.fandom.com/wiki/Silky,"The Silky is a female fairy from the borders of Scotland, known to ""wear rustling silk as she does household chores"" and ""terrorizes lazy servants.""",TRUE,FALSE,FALSE,FALSE,FALSE,FALSE
36,3,Apsaras,11,36,36,https://megamitensei.fandom.com/wiki/Apsaras,"Apsaras also known as Vidhya Dhari, according to Hindu and Buddhist mythology, are spirits that appear in the form of young, beautiful women who have mastered the fine art of celestial dance.",TRUE,FALSE,FALSE,FALSE,FALSE,FALSE
37,3,Koh-i-Noor*,25,37,37,https://megamitensei.fandom.com/wiki/Koh-i-Noor#Persona,The Koh-i-Noor is the world's largest natural colorless diamond mined from India.,FALSE,FALSE,FALSE,FALSE,FALSE,TRUE
38,3,Isis,26,38,38,https://megamitensei.fandom.com/wiki/Isis,"She was worshiped as the ideal mother and wife, patron of nature and magic; friend of slaves, sinners, artisans and the downtrodden, as well as listening to the prayers of the wealthy, maidens, aristocrats and rulers.",TRUE,FALSE,FALSE,FALSE,FALSE,FALSE
39,3,Kikuri-Hime,40,39,39,https://megamitensei.fandom.com/wiki/Kikuri-Hime,Kikuri-Hime's second design which initially features in Shin Megami Tensei III: Nocturne serves as the base model for Uzume and Kushinada.,TRUE,FALSE,FALSE,FALSE,FALSE,FALSE
40,3,Sarasvati,50,40,40,https://megamitensei.fandom.com/wiki/Sarasvati,"Hindus believe that Sarasvati is the goddess of knowledge, music and the arts.",TRUE,FALSE,FALSE,FALSE,FALSE,FALSE
41,3,Skadi,53,41,41,http://megamitensei.fandom.com/wiki/Skadi,First Appeared in Shin Megami Tensei III: Nocturne,TRUE,FALSE,FALSE,FALSE,FALSE,FALSE
42,3,Scathach,77,42,42,https://megamitensei.fandom.com/wiki/Scathach,She is a legendary Scottish warrior woman and martial arts teacher who trains the legendary Ulster hero Cu Chulainn in the arts of combat.,TRUE,FALSE,FALSE,FALSE,FALSE,FALSE
43,3,Cybele,83,43,43,https://megamitensei.fandom.com/wiki/Cybele,"Cybele is also associated with various natural elements, including wildlife and vegetation.",TRUE,FALSE,FALSE,FALSE,FALSE,FALSE
44,4,Milady*,36,44,44,https://megamitensei.fandom.com/wiki/Milady,Milady's lack of a head may be a reference to Milady de Winter's death through beheading.,FALSE,FALSE,FALSE,FALSE,FALSE,FALSE
45,4,Astarte*,0,45,45,https://megamitensei.fandom.com/wiki/Astarte,"Astarte, also as Athtart or Ashtart, is a goddess worshiped under many names throughout the Mediterranean, she is a goddess associated with fertility, conflict, sex, love and war, along with being the deification of Venus.",FALSE,FALSE,FALSE,FALSE,TRUE,FALSE
46,4,Lucy*,0,46,46,https://megamitensei.fandom.com/wiki/Lucy,"Lucy is one of the few Personas in the series based on a historical figure, rather than a figure from mythology or folklore, that being Lucy Hay, Countess of Carlisle.",FALSE,FALSE,FALSE,FALSE,TRUE,FALSE
47,4,Queens Necklace*,15,47,47,https://megamitensei.fandom.com/wiki/Queen%27s_Necklace,"Queen's Necklace originates from the infamous affair of the Diamond Necklace, which tarnished Queen Marie Antoinette's reputation, leading to the French Revolution and the queen's subsequent execution.",FALSE,FALSE,FALSE,FALSE,FALSE,TRUE
48,4,Yaksini,20,48,48,https://megamitensei.fandom.com/wiki/Yaksini,"In the original Shin Megami Tensei, Yaksini is simply a recolored version of Kali.",TRUE,FALSE,FALSE,FALSE,FALSE,FALSE
49,4,Lamia,26,49,49,https://megamitensei.fandom.com/wiki/Lamia,First Appeared in Megami Tensei,TRUE,FALSE,FALSE,FALSE,FALSE,FALSE
50,4,Hariti,40,50,50,https://megamitensei.fandom.com/wiki/Hariti,"A demoness originating from what is now called Pakistan, Hariti was originally an ogress who slew human children in her desperation to feed her hundreds of children.",TRUE,FALSE,FALSE,FALSE,FALSE,FALSE
51,4,Dakini,50,51,51,https://megamitensei.fandom.com/wiki/Dakini,A dakini is a tantric deity described as an embodiment of enlightened energy that resembles a female.,TRUE,FALSE,FALSE,FALSE,FALSE,FALSE
52,4,Titania,56,52,52,https://megamitensei.fandom.com/wiki/Titania,"Titania is derived from the fairy queen character in William Shakespeare's play ""A Midsummer Night's Dream,"" which in traditional folklore had no name.",TRUE,FALSE,FALSE,FALSE,FALSE,FALSE
53,4,Kali,63,53,53,https://megamitensei.fandom.com/wiki/Kali,"Kali is a Hindu goddess associated with death, time and destruction.",TRUE,FALSE,FALSE,FALSE,FALSE,FALSE
54,4,Alilat,81,54,54,https://megamitensei.fandom.com/wiki/Alilat,Its origins are traced from the traditions of Sumerian civilization brought to pre-Islamic Arabia by merchants and nomads who idolized stones in their daily life.,TRUE,FALSE,FALSE,FALSE,FALSE,FALSE
55,4,Mother Harlot,85,55,55,https://megamitensei.fandom.com/wiki/Mother_Harlot,"Within the Book of Revelation, Mother Harlot is known as ""Babylon the Great, Mother of Prostitutes and Abominations of the Earth,"" ""Whore of Babylon"", or The Harlot for short.",TRUE,FALSE,FALSE,FALSE,FALSE,FALSE
56,5,Goemon*,15,56,56,https://megamitensei.fandom.com/wiki/Goemon,Goemon's weakness to Fire could be a reference to his execution in the pot of boiling oil.,FALSE,FALSE,FALSE,FALSE,FALSE,FALSE
57,5,Kamu Susano-o*,0,57,57,https://megamitensei.fandom.com/wiki/Kamu_Susano-o,"In Persona 5, Yusuke is implied to bring bad weather wherever he goes, which foreshadows his ultimate Persona as Kamu Susano-o.",FALSE,FALSE,FALSE,FALSE,TRUE,FALSE
58,5,Gorokichi*,0,58,58,https://megamitensei.fandom.com/wiki/Gorokichi,"The historical Gorokichi is only mentioned in two sources, both of which were created after his death.",FALSE,FALSE,FALSE,FALSE,TRUE,FALSE
59,5,Regent*,10,59,59,https://megamitensei.fandom.com/wiki/Regent,"Regent is based on the Regent Diamond, a 141 carat diamond originating from India.",FALSE,FALSE,FALSE,FALSE,FALSE,TRUE
60,5,Eligor,16,60,60,https://megamitensei.fandom.com/wiki/Eligor,"He is a great duke and appears in the form of a goodly knight carrying a lance, pennon (flag) and a scepter. He can discover hidden objects, kindles love and lust, along with procuring the favor of lords and knights.",TRUE,FALSE,FALSE,FALSE,FALSE,FALSE
61,5,Setanta,25,61,61,https://megamitensei.fandom.com/wiki/Setanta,First Appeared in Shin Megami Tensei III: Nocturne,TRUE,FALSE,FALSE,FALSE,FALSE,FALSE
62,5,Thoth,36,62,62,https://megamitensei.fandom.com/wiki/Thoth,"Thoth, also known Djehuti, is one of the most important gods in Egyptian mythology, commonly depicted as a man with the head of an ibis or baboon.",TRUE,FALSE,FALSE,FALSE,FALSE,FALSE
63,5,Barong,52,63,63,https://megamitensei.fandom.com/wiki/Barong,"Starting from Shin Megami Tensei, the fusion of Barong and Rangda creates Shiva, one of the major gods of Hinduism who represents eternity, creation and destruction.",TRUE,FALSE,FALSE,FALSE,FALSE,FALSE
64,5,King Frost,61,64,64,https://megamitensei.fandom.com/wiki/King_Frost,King Frost's model in Persona 5/Royal contains numerous miniature Jack Frost models in it.,TRUE,FALSE,FALSE,FALSE,FALSE,FALSE
65,5,Oberon,66,65,65,https://megamitensei.fandom.com/wiki/Oberon,"He first became widely known when he appeared as a character in Shakespeare's "" Midsummer Night's Dream,""but appeared earlier in the 13th century French epic ""Huon of Bordeaux.""",TRUE,FALSE,FALSE,FALSE,FALSE,FALSE
66,5,Baal,82,66,66,https://megamitensei.fandom.com/wiki/Baal,"While it can actually refer to a large number of different deities, Baal in this case refers to Hadad, the Canaan god of rain, fertility, agriculture and thunder who is also one of the King of the Gods in the Canaanite pantheon.",TRUE,FALSE,FALSE,FALSE,FALSE,FALSE
67,5,Odin,84,67,67,https://megamitensei.fandom.com/wiki/Odin,"Odin is often associated with lightning in the franchise, but in mythology he is never mentioned as a god of lightning or the sky, unlike his son Thor.",TRUE,FALSE,FALSE,FALSE,FALSE,FALSE
68,6,Berith,9,68,68,https://megamitensei.fandom.com/wiki/Berith,"In the Sega CD version of Shin Megami Tensei, Berith is holding a sword opposed to the lance that he usually carries.",TRUE,FALSE,FALSE,FALSE,FALSE,FALSE
69,6,Orobas,17,69,69,https://megamitensei.fandom.com/wiki/Orobas,"Orobas is the 55th demonic spirit and a powerful great prince of Hell who could give conjurers perfect information about the past, present or future, bestow honors, reconcile them with foes and protect them from being tempted by demons.",TRUE,FALSE,FALSE,FALSE,FALSE,FALSE
70,6,Anzu,25,70,70,https://megamitensei.fandom.com/wiki/Anzu,"Anzu, mainly known as Zu, was a demonic tempest bird in Mesopotamian mythology, known for stealing the Tablet of Destinies from Enlil, the lord of the wind.",TRUE,FALSE,FALSE,FALSE,FALSE,FALSE
71,6,Daisoujou,40,71,71,https://megamitensei.fandom.com/wiki/Daisoujou,First Appeared in Shin Megami Tensei,TRUE,FALSE,FALSE,FALSE,FALSE,FALSE
72,6,Mishaguji,52,72,72,https://megamitensei.fandom.com/wiki/Mishaguji,First Appeared in Shin Megami Tensei,TRUE,FALSE,FALSE,FALSE,FALSE,FALSE
73,6,Bishamonten,67,73,73,https://megamitensei.fandom.com/wiki/Bishamonten,"He is depicted as the strongest of the Four Heavenly Kings, usually under the service of Taira no Masakado.",TRUE,FALSE,FALSE,FALSE,FALSE,FALSE
74,6,Kohryu,76,74,74,https://megamitensei.fandom.com/wiki/Kohryu,t is the embodiment of the element of Earth in Chinese five elements (Wu Xing).,TRUE,TRUE,TRUE,FALSE,FALSE,FALSE
75,7,Carmen*,5,75,75,https://megamitensei.fandom.com/wiki/Carmen,Carmen is a fictive female gypsy created by Prosper Merimee. She first appeared in Merimee's eponymous novella that was first written and published in 1845.,FALSE,FALSE,FALSE,FALSE,FALSE,FALSE
76,7,Hecate*,0,76,76,https://megamitensei.fandom.com/wiki/Hecate,"She has been associated with childbirth, nurturing the young, gates and walls, doorways, crossroads, magic, lunar lore, torches and dogs.",FALSE,FALSE,FALSE,FALSE,TRUE,FALSE
77,7,Celestine*,0,77,77,https://megamitensei.fandom.com/wiki/C%C3%A9lestine,Celestine Galli-Marie was a French mezzo-soprano who was most famous for her role of Carmen.,FALSE,FALSE,FALSE,FALSE,TRUE,FALSE
78,7,Pixie,2,78,78,https://megamitensei.fandom.com/wiki/Pixie,"According to artist Kazuma Kaneko, Pixie's character design, specifically her red wavy hair and leotard outfit, are inspired by Cham Huau from the anime Aura Battler Dunbine.",TRUE,FALSE,FALSE,FALSE,FALSE,FALSE
79,7,Saki Mitama,6,79,79,https://megamitensei.fandom.com/wiki/Saki_Mitama,"In Japanese belief, Saki Mitama is a part of the soul that brings good fortune and blessings.",TRUE,FALSE,FALSE,FALSE,FALSE,FALSE
80,7,Ame no Uzume,13,80,80,https://megamitensei.fandom.com/wiki/Ame_no_Uzume,"Ame no Uzume is the goddess of dawn and revelry in the Shinto religion of Japan. She famously relates to the tale of the missing sun deity, Amaterasu.",TRUE,FALSE,FALSE,FALSE,FALSE,FALSE
81,7,Leanan Sidhe,19,81,81,https://megamitensei.fandom.com/wiki/Leanan_Sidhe,"The Leanan Sidhe is generally depicted as a beautiful muse, who offers inspiration to an artist in exchange for fame and glory; however, this exchange frequently results in madness for the artist, and often premature death.",TRUE,FALSE,FALSE,FALSE,FALSE,FALSE
82,7,Kushinada-Hime,42,82,82,https://megamitensei.fandom.com/wiki/Kushinada-Hime,Kushinada-Hime's design for Shin Megami Tensei III: Nocturne is a reference to her transformation into a comb.,TRUE,FALSE,FALSE,FALSE,FALSE,FALSE
83,7,Narcissus,48,83,83,https://megamitensei.fandom.com/wiki/Narcissus,First Appeared in Devil Summoner: Soul Hackers,TRUE,FALSE,FALSE,FALSE,FALSE,FALSE
84,7,Parvati,56,84,84,https://megamitensei.fandom.com/wiki/Parvati,"Parvati is the Hindu goddess of fertility, love, beauty, harmony, marriage, children, and devotion; as well as of divine strength and power.",TRUE,FALSE,FALSE,FALSE,FALSE,FALSE
85,7,Raphael,78,85,85,https://megamitensei.fandom.com/wiki/Raphael,"His name means ""It is God that heals."" He is said to be the guardian of the Tree of Life.",TRUE,FALSE,FALSE,FALSE,FALSE,FALSE
86,7,Ishtar,85,86,86,https://megamitensei.fandom.com/wiki/Ishtar,"Ishtar is the Babylonian goddess of love and fertility, the Babylonian equivalent of the Sumerian goddess Inanna.",TRUE,FALSE,FALSE,FALSE,FALSE,FALSE
87,8,Captain Kidd*,4,87,87,https://megamitensei.fandom.com/wiki/Captain_Kidd,"In an early concept of Captain Kidd, he appeared somewhat restrained in what appears to be a gibbet cage, which is a reference to William Kidd's body being gibbeted for three years after being hanged for piracy.",FALSE,FALSE,FALSE,FALSE,FALSE,FALSE
88,8,Seiten Taisei*,0,88,88,https://megamitensei.fandom.com/wiki/Seiten_Taisei,"The incarnation of this Persona has a bludgeoning staff with a ""8000K"" written on it, a reference to the figure being able to lift anything at around 8,000 kilograms.",FALSE,FALSE,FALSE,FALSE,TRUE,FALSE
89,8,William*,0,89,89,https://megamitensei.fandom.com/wiki/William,William was the first third-tier Persona of the Phantom Thieves to be revealed.,FALSE,FALSE,FALSE,FALSE,TRUE,FALSE
90,8,Agathion,3,90,90,https://megamitensei.fandom.com/wiki/Agathion,First Appeared in Shin Megami Tensei: Devil Summoner,TRUE,FALSE,FALSE,FALSE,FALSE,FALSE
91,8,Slime,10,91,91,https://megamitensei.fandom.com/wiki/Slime,"The appearance of Slimes in the Shin Megami Tensei series are stated to be the result of incomplete, faulty summons of demons. Mara resembles a Slime in its botched summoning form.",TRUE,FALSE,FALSE,FALSE,FALSE,FALSE
92,8,Shiki-Ouji,18,92,92,https://megamitensei.fandom.com/wiki/Shiki-Ouji,It could be used to scare away demons that cause sickness and to ward off disasters to its master.,TRUE,FALSE,FALSE,FALSE,FALSE,FALSE
93,8,Kin-Ki,25,93,93,https://megamitensei.fandom.com/wiki/Kin-Ki,"Named after gold, Kin-Ki's body is so strong that no physical weapons in existence can pierce it.",TRUE,FALSE,FALSE,FALSE,FALSE,FALSE
94,8,Ara Mitama,30,94,94,https://megamitensei.fandom.com/wiki/Ara_Mitama,"Ara Mitama represents aggression and forcefulness and is the source of valor, anger, passion and other heated emotions.",TRUE,FALSE,FALSE,FALSE,FALSE,FALSE
95,8,White Rider,38,95,95,https://megamitensei.fandom.com/wiki/White_Rider,"The White Rider is the first of the Four Horsemen of the Apocalypse to appear before John the Apostle, according to Christian scripture.",TRUE,FALSE,FALSE,FALSE,FALSE,FALSE
96,8,Athena,46,96,96,https://megamitensei.fandom.com/wiki/Pallas_Athena,"Athena is the Greek goddess of wisdom, courage, inspiration, civilization, philosophy, justice, law, mathematics, strength, arts, crafts, skill and reason.",TRUE,FALSE,FALSE,TRUE,FALSE,FALSE
97,8,Athena Picaro,50,97,97,https://megamitensei.fandom.com/wiki/Pallas_Athena,"Athena is the Greek goddess of wisdom, courage, inspiration, civilization, philosophy, justice, law, mathematics, strength, arts, crafts, skill and reason.",TRUE,FALSE,FALSE,FALSE,FALSE,FALSE
98,8,Cerberus,55,98,98,https://megamitensei.fandom.com/wiki/Cerberus,Cerberus is one of the earliest demon allies to appear as part of the Megami Tensei franchise. His roots put him as far back as the very first Digital Devil Story: Megami Tensei publications.,TRUE,FALSE,FALSE,FALSE,FALSE,FALSE
99,8,Thor,64,99,99,https://megamitensei.fandom.com/wiki/Thor,"Despite being explicitly described as being red-haired, he is never depicted as such in games of the series.",TRUE,FALSE,FALSE,FALSE,FALSE,FALSE
100,8,Chi You,88,100,100,https://megamitensei.fandom.com/wiki/Chi_You,"He is worshiped in China as the god of war and weapons and, along with Huang Di, as one of the progenitors of the Chinese people. ",TRUE,TRUE,TRUE,FALSE,FALSE,FALSE
101,9,Robin Hood*,45,101,101,https://megamitensei.fandom.com/wiki/Robin_Hood,"According to the comment in the Design Works, Robin Hood's design is based on the comic hero Superman.",FALSE,FALSE,FALSE,FALSE,FALSE,FALSE
102,9,Loki*,75,102,102,https://megamitensei.fandom.com/wiki/Loki,"The sword wielded by Loki in Persona 5 is actually a pair of large pliers gripping a blade that is extremely hot, too hot to be touched.",FALSE,FALSE,FALSE,FALSE,TRUE,FALSE
103,9,Hereward*,0,103,103,https://megamitensei.fandom.com/wiki/Hereward#Evolve,"Hereward's design may have been inspired by Batman, hence the black armor and the bat wing-like protrusions on the back of his head.",FALSE,FALSE,FALSE,FALSE,TRUE,FALSE
104,9,Angel,9,104,104,https://megamitensei.fandom.com/wiki/Angel,The are said to be manifestations of God's will and to rule and protect creation from all beings that seek to destroy it.,TRUE,FALSE,FALSE,FALSE,FALSE,FALSE
105,9,Archangel,14,105,105,https://megamitensei.fandom.com/wiki/Archangel,Archangels are one of the few bodies of angels that contact those on the material plane directly and are the ministers and messengers between God and mankind.,TRUE,FALSE,FALSE,FALSE,FALSE,FALSE
106,9,Principality,29,106,106,https://megamitensei.fandom.com/wiki/Principality,"As beings related to the world of the germinal ideas, they are said to inspire living things to many things such as art or science.",TRUE,FALSE,FALSE,FALSE,FALSE,FALSE
107,9,Power,41,107,107,https://megamitensei.fandom.com/wiki/Power,It is said that they were the first order to be created. The Powers are the bearers of conscience and the keepers of history.,TRUE,FALSE,FALSE,FALSE,FALSE,FALSE
108,9,Melchizedek,58,108,108,https://megamitensei.fandom.com/wiki/Melchizedek,"Melchizedek, also known as Melchisedech, Melkisetek or Malki Tzedek, is a biblical figure known for his wisdom.",TRUE,FALSE,FALSE,FALSE,FALSE,FALSE
109,9,Dominion,68,109,109,https://megamitensei.fandom.com/wiki/Dominion,"In the Christian hierarchy of Angels, Dominions, also known as Lordships, are part of the second sphere and are said to watch over nations and regulate the duties of lesser angels.",TRUE,FALSE,FALSE,FALSE,FALSE,FALSE
110,9,Throne,72,110,110,https://megamitensei.fandom.com/wiki/Throne,"Thrones are the third of nine classes of angels in Christianity, they are known as the angels of knowledge.",TRUE,FALSE,FALSE,FALSE,FALSE,FALSE
111,9,Uriel,81,111,111,https://megamitensei.fandom.com/wiki/Uriel,"He is said to carry the stars in the sky, and on the final day of judgement, he will oversee the resurrection and retribution of human souls.",TRUE,FALSE,FALSE,FALSE,FALSE,FALSE
112,9,Metatron,89,112,112,https://megamitensei.fandom.com/wiki/Metatron,"Whenever a human believes God has directly spoken to them, in reality it is Metatron acting as his vessel.",TRUE,TRUE,TRUE,FALSE,FALSE,FALSE
113,10,Necronomicon*,31,113,113,https://megamitensei.fandom.com/wiki/Necronomicon,"In the context of Lovecraft's works, the Necronomicon is a tome detailing the truth behind the various ancient cosmic beings that have inhabited Earth and continue to influence humans for their own ends.",FALSE,FALSE,FALSE,FALSE,FALSE,FALSE
114,10,Prometheus*,0,114,114,https://megamitensei.fandom.com/wiki/Prometheus,"Prometheus was one of the Titans to sided with Zeus and his siblings in the great war against the rest of the Titans, the original rulers of the world.",FALSE,FALSE,FALSE,FALSE,TRUE,FALSE
115,10,Al Azif*,0,115,115,https://megamitensei.fandom.com/wiki/Al_Azif,Al Azif is the original Arabic name for the Necronomicon.,FALSE,FALSE,FALSE,FALSE,TRUE,FALSE
116,10,Bicorn,4,116,116,https://megamitensei.fandom.com/wiki/Bicorn,Bicorn supposedly represents the sin of adultery. It is said that the unicorn was born from a bicorn and once had two horns itself.,TRUE,FALSE,FALSE,FALSE,FALSE,FALSE
117,10,Koropokkuru,9,117,117,https://megamitensei.fandom.com/wiki/Koropokkuru,Koropokkuru are a race of small people in Ainu folklore.,TRUE,FALSE,FALSE,FALSE,FALSE,FALSE
118,10,Ippon-Datara,13,118,118,https://megamitensei.fandom.com/wiki/Ippon-Datara,"Ippon-Datara is a rarely seen creature, one is more likely to see his footprints on the mountains. Some believe he might be a blacksmith or the ghost of one.",TRUE,FALSE,FALSE,FALSE,FALSE,FALSE
119,10,Sudama,17,119,119,https://megamitensei.fandom.com/wiki/Sudama,"Sudama are mischievous one footed spirits that roam the mountains, dwelling in trees and rocks.",TRUE,FALSE,FALSE,FALSE,FALSE,FALSE
120,10,Naga,24,120,120,https://megamitensei.fandom.com/wiki/Naga,"They are also said to be the followers of Koumokuten, one of the Four Heavenly Kings",TRUE,FALSE,FALSE,FALSE,FALSE,FALSE
121,10,Kurama Tengu,31,121,121,https://megamitensei.fandom.com/wiki/Kurama_Tengu,"The Kurama-Tengu are not only said to be exceptional warriors, but also have the ability to fend off disease and bring good luck.",TRUE,FALSE,FALSE,FALSE,FALSE,FALSE
122,10,Arahabaki,35,122,122,https://megamitensei.fandom.com/wiki/Arahabaki,"Arahabaki's design is based on the goggle-eyed doguu (or shakouki doguu), a type of clay figurine made during the Jomon period of prehistoric Japan (roughly 14,000 to 400 BC).",TRUE,FALSE,FALSE,FALSE,FALSE,FALSE
123,10,Kumbhanda,42,123,123,https://megamitensei.fandom.com/wiki/Kumbhanda,"They are known to suck the life out of humans and are servants of the southern member of the Four Heavenly Kings, Zouchouten.",TRUE,FALSE,FALSE,FALSE,FALSE,FALSE
124,10,Koumokuten,49,124,124,https://megamitensei.fandom.com/wiki/Koumokuten,"His name means ""vast/all-seeing eyes.""",TRUE,FALSE,FALSE,FALSE,FALSE,FALSE
125,10,Loa,70,125,125,https://megamitensei.fandom.com/wiki/Loa,"In Haitian mythology, Loa is an intermediary spirit between god and humans that expects to be properly served, not just communicated with.",TRUE,FALSE,FALSE,FALSE,FALSE,FALSE
126,10,Fafnir,86,126,126,https://megamitensei.fandom.com/wiki/Fafnir,"Prior to Devil Summoner: Soul Hackers, Fafnir's design was a palette swap of Pendragon.",TRUE,FALSE,FALSE,FALSE,FALSE,FALSE
127,10,Ongyo-ki,89,127,127,https://megamitensei.fandom.com/wiki/Ongyo-Ki,"Ongyo-ki suppressed its aura to prevent enemies from sensing him, allowing him to surprise enemies when he attacked. It has been allegedly said that this is the origin of ninjitsu.",TRUE,TRUE,TRUE,FALSE,FALSE,FALSE
128,11,Stone of Scone*,20,128,128,https://megamitensei.fandom.com/wiki/Stone_of_Scone,"The Stone of Scone was used in the coronation of the monarchs of Scotland, and later was put to the same use by the monarchs of England and the United Kingdom.",FALSE,FALSE,FALSE,FALSE,FALSE,TRUE
129,11,Clotho,27,129,129,https://megamitensei.fandom.com/wiki/Clotho,"Clotho was responsible for spinning the thread of human life. She also made major decisions, such as when a person was born, thus in effect controlling people's lives.",TRUE,FALSE,FALSE,FALSE,FALSE,FALSE
130,11,Ariadne,30,130,130,https://megamitensei.fandom.com/wiki/Ariadne,First Appeared in Persona 4 Arena,TRUE,FALSE,FALSE,TRUE,FALSE,FALSE
131,11,Lachesis,35,131,131,https://megamitensei.fandom.com/wiki/Lachesis,"She was the apportioner, deciding how much time for life was to be allowed for each person or being. She measured the thread of life with her rod.",TRUE,FALSE,FALSE,FALSE,FALSE,FALSE
132,11,Atropos,39,132,132,https://megamitensei.fandom.com/wiki/Atropos,"She is the one who cuts the thread of fate, signifying the end of one's life.",TRUE,FALSE,FALSE,FALSE,FALSE,FALSE
133,11,Ariadne Picaro,42,133,133,https://megamitensei.fandom.com/wiki/Ariadne,"Ariadne was the daughter of King Minos of Crete, the owner of the Minotaur.",TRUE,FALSE,FALSE,TRUE,FALSE,FALSE
134,11,Fortuna,46,134,134,https://megamitensei.fandom.com/wiki/Fortuna,"She can be represented veiled or blind. She used to be a goddess of blessing and fertility, mainly being worshiped by mothers.",TRUE,FALSE,FALSE,FALSE,FALSE,FALSE
135,11,Norn,52,135,135,https://megamitensei.fandom.com/wiki/Norn,Norn refers to the numerous female beings who rule the fates of the various races that exist.,TRUE,FALSE,FALSE,FALSE,FALSE,FALSE
136,11,Asterius,56,136,136,https://megamitensei.fandom.com/wiki/Asterius,First Appeared in Persona 4 Arena,TRUE,FALSE,FALSE,TRUE,FALSE,FALSE
137,11,Asterius Picaro,62,137,137,https://megamitensei.fandom.com/wiki/Asterius,First Appeared in Persona 4 Arena,TRUE,FALSE,FALSE,TRUE,FALSE,FALSE
138,11,Lakshmi,69,138,138,https://megamitensei.fandom.com/wiki/Lakshmi,"In Hindu mythos, Lakshmi is the goddess of beauty, good fortune and love and is the wife of Vishnu, one of the Trimurti.",TRUE,FALSE,FALSE,FALSE,FALSE,FALSE
139,12,Kelpie,6,139,139,https://megamitensei.fandom.com/wiki/Kelpie,"In Celtic mythology, a kelpie is said to be a supernatural water horse that haunts rivers and lakes in Scotland and Ireland.",TRUE,FALSE,FALSE,FALSE,FALSE,FALSE
140,12,Shiisaa,15,140,140,https://megamitensei.fandom.com/wiki/Shiisaa,A shishi-like creature said to be a protective spirit in Okinawan mythology.,TRUE,FALSE,FALSE,FALSE,FALSE,FALSE
141,12,Oni,20,141,141,https://megamitensei.fandom.com/wiki/Oni,"They are popular characters in Japanese art, literature and theater. Oni are known for attacking villages and plundering food, riches and women.",TRUE,FALSE,FALSE,FALSE,FALSE,FALSE
142,12,Rakshasa,24,142,142,https://megamitensei.fandom.com/wiki/Rakshasa,A rakshasa is a demon or unrighteous spirit in Hindu and Buddhist mythology.,TRUE,FALSE,FALSE,FALSE,FALSE,FALSE
143,12,Orlov*,30,143,143,https://megamitensei.fandom.com/wiki/Orlov,"It sets in the scepter named after the Russian Count, Grigory Grigorievich Orlov, by Empress Catherine the Great.",FALSE,FALSE,FALSE,FALSE,FALSE,TRUE
144,12,Zouchouten,31,144,144,https://megamitensei.fandom.com/wiki/Zouchouten,"His name means ""lengthening good deeds among mortals.""",TRUE,FALSE,FALSE,FALSE,FALSE,FALSE
145,12,Valkyrie,44,145,145,https://megamitensei.fandom.com/wiki/Valkyrie,"The valkyries bring their chosen to the afterlife hall of the slain, Valhalla, ruled over by the god Odin, where the deceased warriors become einherjar.",TRUE,FALSE,FALSE,FALSE,FALSE,FALSE
146,12,Hanuman,64,146,146,https://megamitensei.fandom.com/wiki/Hanuman,He is most famously known for aiding Rama (one of the avatars of Vishnu) in defeating the demon king Ravana by leading an army of monkeys.,TRUE,FALSE,FALSE,FALSE,FALSE,FALSE
147,12,Chimera,74,147,147,https://megamitensei.fandom.com/wiki/Chimera,"Chimera is the offspring of Typhon and Echidna, the mother of beasts, and is the sibling of Cerberus and Orthrus.",TRUE,FALSE,FALSE,FALSE,FALSE,FALSE
148,12,Zaou-Gongen,80,148,148,https://megamitensei.fandom.com/wiki/Zaou-Gongen,"Zaou-Gongen, also known as Vajragarbha, is one of the most important mountain deities of Japan's syncretic Shugendou sects.",TRUE,FALSE,FALSE,FALSE,FALSE,FALSE
149,13,Hua Po,9,149,149,https://megamitensei.fandom.com/wiki/Hua_Po,Hua Po is a kind of tree spirit said to be formed from the disembodied souls of dead humans when three or more people hang themselves from the same tree.,TRUE,FALSE,FALSE,FALSE,FALSE,FALSE
150,13,Inugami,14,150,150,https://megamitensei.fandom.com/wiki/Inugami,"Even so, while Inugami can betray their masters, they may also be the loyalest of companions.",TRUE,FALSE,FALSE,FALSE,FALSE,FALSE
151,13,Orthrus,21,151,151,https://megamitensei.fandom.com/wiki/Orthrus,"Among his siblings were Cerberus, Sphinx and Chimera to name but a few.",TRUE,FALSE,FALSE,FALSE,FALSE,FALSE
152,13,Take-Minakata,26,152,152,https://megamitensei.fandom.com/wiki/Take-Minakata,He is the favorite demon of Kazuma Kaneko as evidenced in a Shin Megami Tensei III: Nocturne interview.,TRUE,FALSE,FALSE,FALSE,FALSE,FALSE
153,13,Emperors Amulet*,35,153,153,https://megamitensei.fandom.com/wiki/Emperor%27s_Amulet,It once belonged to the King of the Franks Charles I.,FALSE,FALSE,FALSE,FALSE,FALSE,TRUE
154,13,Hecatoncheir,42,154,154,https://megamitensei.fandom.com/wiki/Hecatoncheir,"Having one hundred hands and fifty heads, their father Uranus found them disgusting and threw them into Tartarus.",TRUE,FALSE,FALSE,FALSE,FALSE,FALSE
155,13,Jatayu,51,155,155,https://megamitensei.fandom.com/wiki/Jatayu,First Appeared in Megami Tensei,TRUE,FALSE,FALSE,FALSE,FALSE,FALSE
156,13,Moloch,60,156,156,https://megamitensei.fandom.com/wiki/Moloch,"He was a demonic fertility deity, turned false deity, mentioned in varied theological writings; the most famous of which would be the Christian Bible.",TRUE,FALSE,FALSE,FALSE,FALSE,FALSE
157,13,Macabre,73,157,157,https://megamitensei.fandom.com/wiki/Macabre,First Appeared in Shin Megami Tensei: Strange Journey,TRUE,FALSE,FALSE,FALSE,FALSE,FALSE
158,13,Attis,82,158,158,https://megamitensei.fandom.com/wiki/Attis,Attis originated in the kingdom of Phrygia and eventually became a part of Greek lore.,TRUE,FALSE,FALSE,FALSE,FALSE,FALSE
159,14,Mandrake,3,159,159,https://megamitensei.fandom.com/wiki/Mandrake,"In legend, if pulled from the ground, it makes a sound like scream of a dying child which is so horrible it either deafens or kills the person pulling it.",TRUE,FALSE,FALSE,FALSE,FALSE,FALSE
160,14,Mokoi,9,160,160,https://megamitensei.fandom.com/wiki/Mokoi,"In Australian folklore, Mokoi are spirits of evil who kill those who used dark magic. They would also kidnap and eat children at night.",TRUE,FALSE,FALSE,FALSE,FALSE,FALSE
161,14,Matador,17,161,161,https://megamitensei.fandom.com/wiki/Matador,First Appeared in Shin Megami Tensei II,TRUE,FALSE,FALSE,FALSE,FALSE,FALSE
162,14,Nue,20,162,162,https://megamitensei.fandom.com/wiki/Nue,First Appeared in Shin Megami Tensei,TRUE,FALSE,FALSE,FALSE,FALSE,FALSE
163,14,Pisaca,28,163,163,https://megamitensei.fandom.com/wiki/Pisaca,"Pisacas are demonic creatures that feast on human meat, especially corpses.",TRUE,FALSE,FALSE,FALSE,FALSE,FALSE
164,14,Hell Biker,37,164,164,https://megamitensei.fandom.com/wiki/Hell_Biker,"Hell Biker's name in Japanese versions refers to Hells Angels, an American biker gang formed in 1948.",TRUE,TRUE,FALSE,FALSE,FALSE,FALSE
165,14,Hope Diamond*,40,165,165,https://megamitensei.fandom.com/wiki/Hope_Diamond,The Hope Diamond is a grayish-blue diamond said to bring curses to the owner.,FALSE,FALSE,FALSE,FALSE,FALSE,TRUE
166,14,Pale Rider,54,166,166,https://megamitensei.fandom.com/wiki/Pale_Rider,"The Pale Rider is the fourth and final Horseman of the Apocalypse, according to Christian scripture. The rider traditionally represents death.",TRUE,FALSE,FALSE,FALSE,FALSE,FALSE
167,14,Chernobog,62,167,167,https://megamitensei.fandom.com/wiki/Chernobog,He is also synonymous with evil and later became synonymous with the devil.,TRUE,FALSE,FALSE,FALSE,FALSE,FALSE
168,14,Thanatos,65,168,168,https://megamitensei.fandom.com/wiki/Thanatos,Thanatos is the personification and god of death and mortality in Greek mythology. He is commonly known as a harbinger of peaceful death.,TRUE,FALSE,FALSE,TRUE,FALSE,FALSE
169,14,Thanatos Picaro,69,169,169,https://megamitensei.fandom.com/wiki/Thanatos,"The depiction of Thanatos in Persona 3 seems to be derived more from the earliest mythological accounts, being characterized as a grim warrior surrounded by a mantle of metal coffins.",TRUE,FALSE,FALSE,TRUE,FALSE,FALSE
170,14,Mot,72,170,170,https://megamitensei.fandom.com/wiki/Mot,"Mot, also known as Mavet, is the Canaanite and Semitic god of death, infertility, drought and the Underworld.",TRUE,FALSE,FALSE,FALSE,FALSE,FALSE
171,14,Alice,83,171,171,https://megamitensei.fandom.com/wiki/Alice,"Alice is said to be based on Lewis Carroll's  character from his famous story Alice in Wonderland, part of Through the Looking Glass.",TRUE,TRUE,TRUE,FALSE,FALSE,FALSE
172,15,Genbu,7,172,172,https://megamitensei.fandom.com/wiki/Genbu,"The Black Tortoise, also known as the Black Warrior, Black Tortoise of the North or simply Xuan Wu, is one of the four symbols of the Chinese constellation",TRUE,FALSE,FALSE,FALSE,FALSE,FALSE
173,15,Koppa Tengu,11,173,173,https://megamitensei.fandom.com/wiki/Koppa_Tengu,First Appeared in Shin Megami Tensei III: Nocturne,TRUE,FALSE,FALSE,FALSE,FALSE,FALSE
174,15,Makami,15,174,174,https://megamitensei.fandom.com/wiki/Makami,First Appeared in Shin Megami Tensei III: Nocturne,TRUE,FALSE,FALSE,FALSE,FALSE,FALSE
175,15,Jikokuten,22,175,175,https://megamitensei.fandom.com/wiki/Jikokuten,"Jikokuten, is a guardian deity with fierce expression that protects the east of Buddha's realm.",TRUE,FALSE,FALSE,FALSE,FALSE,FALSE
176,15,Mithra,33,176,176,https://megamitensei.fandom.com/wiki/Mithra,"In Zoroastrian mythology, Mithra was a deity of contracts who was the protector of truth and the enemy of error.",TRUE,FALSE,FALSE,FALSE,FALSE,FALSE
177,15,Byakko,45,177,177,https://megamitensei.fandom.com/wiki/Byakko,"The White Tiger, also known as the White Tiger of the West or Bai Hu, is one of the Four Symbols of the Chinese Constellation(Si Xiang)",TRUE,FALSE,FALSE,FALSE,FALSE,FALSE
178,15,Raja Naga,55,178,178,https://megamitensei.fandom.com/wiki/Raja_Naga,"Raja Naga also appear in Buddhist mythology, and their duties consist of leading the nagas and protecting and worshipping the Buddha, along with protecting other enlightened beings.",TRUE,FALSE,FALSE,FALSE,FALSE,FALSE
179,15,Gabriel,77,179,179,https://megamitensei.fandom.com/wiki/Gabriel,"Gabriel is a high-ranking messenger angel. Their name means ""God is my strength"" and is known to be the left hand of God and the embodiment of the holy spirit, in contrast to Michael who is the right hand of God.",TRUE,FALSE,FALSE,FALSE,FALSE,FALSE
180,15,Ardha,84,180,180,https://megamitensei.fandom.com/wiki/Ardha,"The god is male on one side and female on the other, depicted with the male half bearing aspects of Shiva and the female half bearing aspects of Parvati.",TRUE,FALSE,TRUE,FALSE,FALSE,FALSE
181,16,Incubus,5,181,181,https://megamitensei.fandom.com/wiki/Incubus,An incubus is a demon in male form supposed to lie upon sleeping women in order to have sexual intercourse with them.,TRUE,FALSE,FALSE,FALSE,FALSE,FALSE
182,16,Flauros,19,182,182,https://megamitensei.fandom.com/wiki/Flauros,First Appeared in Shin Megami Tensei,TRUE,TRUE,FALSE,FALSE,FALSE,FALSE
183,16,Andras,27,183,183,https://megamitensei.fandom.com/wiki/Andras,"According to the writings in The Lesser Key of Solomon, Andras is the sixty-third spirit listed in the Goetia. He is a Great Marquis of Hell with thirty legions of demons under his command.",TRUE,FALSE,FALSE,FALSE,FALSE,FALSE
184,16,Lilim,32,184,184,https://megamitensei.fandom.com/wiki/Lilim,"In Jewish folklore, Lilim (or Lilin) were dangerous creatures from Hell. They were said to be the children of Lilith by herself or by Samael, the angel of death.",TRUE,FALSE,FALSE,FALSE,FALSE,FALSE
185,16,Pazuzu,45,185,185,https://megamitensei.fandom.com/wiki/Pazuzu,"Pazuzu is the Mesopotamian god of the southwest wind known for bringing famine during dry seasons, and locusts during rainy seasons.",TRUE,FALSE,FALSE,FALSE,FALSE,FALSE
186,16,Baphomet,58,186,186,https://megamitensei.fandom.com/wiki/Baphomet,"Baphomet is a King of Demons, known as the ""Sabbatic Goat."" He is identified with Satanachia, a senior demon general described in the Grand Grimoire.",TRUE,FALSE,FALSE,FALSE,FALSE,FALSE
187,16,Nebiros,74,187,187,https://megamitensei.fandom.com/wiki/Nebiros,"He is supposedly the most valiant Marquis of Hell, has nineteen legions of demons under his command.",TRUE,FALSE,FALSE,FALSE,FALSE,FALSE
188,16,Belial,82,188,188,https://megamitensei.fandom.com/wiki/Belial,"Belial, also known as Berial, is the 68th spirit in the Ars Goetia and one of the four crowned princes of Hell ruling over the North.",TRUE,FALSE,FALSE,FALSE,FALSE,FALSE
189,16,Beelzebub,87,189,189,https://megamitensei.fandom.com/wiki/Beelzebub,"The lord of the flies, Beelzebub was originally a Canaanite deity named Baal and was later explained to be one of the seven princes of Hell in Christian sources.",TRUE,FALSE,FALSE,FALSE,FALSE,FALSE
190,17,Belphegor,37,190,190,https://megamitensei.fandom.com/wiki/Belphegor,Belphegor gives people ideas for inventions that will make them rich and thus greedy and selfish.,TRUE,FALSE,FALSE,FALSE,FALSE,FALSE
191,17,Red Rider,41,191,191,https://megamitensei.fandom.com/wiki/Red_Rider,"The second of the Four Horsemen of the Apocalypse, named War. He represents war, and his horse is colored ""fiery"" red.",TRUE,FALSE,FALSE,FALSE,FALSE,FALSE
192,17,Magatsu-Izanagi*,44,192,192,https://megamitensei.fandom.com/wiki/Magatsu-Izanagi,"Magatsu-Izanagi also represents ""Emptiness.""",FALSE,FALSE,TRUE,TRUE,FALSE,FALSE
193,17,Magatsu-Izanagi Picaro*,48,193,193,https://megamitensei.fandom.com/wiki/Magatsu-Izanagi,"Magatsu-Izanagi is colored red; this alludes to the Magatsuhi in Shin Megami Tensei III: Nocturne, the substance consumed by demons visualized as red flowing spots.",FALSE,FALSE,TRUE,TRUE,FALSE,FALSE
194,17,Seth,51,194,194,https://megamitensei.fandom.com/wiki/Seth_(demon),"Set is the deity of deserts, storms and chaos and served as one of the greatest deities in Egyptian myth.",TRUE,TRUE,FALSE,FALSE,FALSE,FALSE
195,17,Black Rider,59,195,195,https://megamitensei.fandom.com/wiki/Black_Rider,"The third of the Four Horsemen of the Apocalypse, riding a black horse, is popularly called Famine. The black color of the third horse symbolized death and famine.",TRUE,FALSE,FALSE,FALSE,FALSE,FALSE
196,17,Mara,73,196,196,https://megamitensei.fandom.com/wiki/Mara,"In Buddhist myth, Mara is a tempter, through the deceit of regarding the mundane and negative as alluring, and personifies unwholesome impulses, unskillfulness and the ""death"" of the spiritual life.",TRUE,FALSE,FALSE,FALSE,FALSE,FALSE
197,17,Yoshitsune,87,197,197,https://megamitensei.fandom.com/wiki/Yoshitsune,"Yoshitsune is one of the few demons in the series based on a historical figure, rather than a figure from mythology or folklore.",TRUE,TRUE,TRUE,FALSE,FALSE,FALSE
198,17,Mada,90,198,198,https://megamitensei.fandom.com/wiki/Mada,First Appeared in Shin Megami Tensei III: Nocturne,TRUE,FALSE,TRUE,FALSE,FALSE,FALSE
199,18,Kodama,11,199,199,https://megamitensei.fandom.com/wiki/Kodama,First Appeared in Shin Megami Tensei III: Nocturne,TRUE,FALSE,FALSE,FALSE,FALSE,FALSE
200,18,Fuu-Ki,23,200,200,https://megamitensei.fandom.com/wiki/Fuu-Ki,First Appeared in Shin Megami Tensei III: Nocturne,TRUE,FALSE,FALSE,FALSE,FALSE,FALSE
201,18,Neko Shogun,30,201,201,https://megamitensei.fandom.com/wiki/Neko_Shogun,Neko Shogun is a divine general in the image of a cat.,TRUE,TRUE,FALSE,FALSE,FALSE,FALSE
202,18,Kaiwan,36,202,202,https://megamitensei.fandom.com/wiki/Kaiwan,"Kaiwan, also known as Rephan, is an Astro-Mythological star deity in Assyrian mythology and that was worshiped by the Israelites before God was accepted.",TRUE,FALSE,FALSE,FALSE,FALSE,FALSE
203,18,Garuda,52,203,203,https://megamitensei.fandom.com/wiki/Garuda,The Garuda is a large mythical bird or bird-like creature that appears in both Hindu and Buddhist mythology.,TRUE,FALSE,FALSE,FALSE,FALSE,FALSE
204,18,Vasuki,68,204,204,https://megamitensei.fandom.com/wiki/Vasuki,First Appeared in Shin Megami Tensei: Devil Summoner,TRUE,TRUE,FALSE,FALSE,FALSE,FALSE
205,18,Sraosha,80,205,205,https://megamitensei.fandom.com/wiki/Sraosha,"Sraosha is known as the ""ear"" of Ahura Mazda, and one of the oldest and most ethical of the Yazatas, being the greatest one of them in Zoroastrianism.",TRUE,TRUE,FALSE,FALSE,FALSE,FALSE
206,18,Hastur,84,206,206,https://megamitensei.fandom.com/wiki/Hastur,"While Hastur is best known as part of the Cthulhu Mythos, he was originally created by Ambrose Bierce in the short story ""Haita The Shepherd.""",TRUE,FALSE,FALSE,FALSE,FALSE,FALSE
207,18,Lucifer,93,207,207,https://megamitensei.fandom.com/wiki/Lucifer,Lucifer is the demon who represents the sin of Pride.,TRUE,TRUE,TRUE,FALSE,FALSE,FALSE
208,19,Succubus,7,208,208,https://megamitensei.fandom.com/wiki/Succubus,"A Succubus is a demon from European folklore during the medieval ages, which takes the form of an attractive female to seduce men.",TRUE,FALSE,FALSE,FALSE,FALSE,FALSE
209,19,Onmoraki,12,209,209,https://megamitensei.fandom.com/wiki/Onmoraki,First Appeared in Shin Megami Tensei IMAGINE,TRUE,FALSE,FALSE,FALSE,FALSE,FALSE
210,19,Kaguya,16,210,210,https://megamitensei.fandom.com/wiki/Kaguya_Hime,Kaguya Hime is a character from a very famous Japanese folk story called Taketori Monogatari,TRUE,FALSE,FALSE,TRUE,FALSE,FALSE
211,19,Black Ooze,18,211,211,https://megamitensei.fandom.com/wiki/Black_Ooze,First Appeared in Shin Megami Tensei,TRUE,FALSE,FALSE,FALSE,FALSE,FALSE
212,19,Sui-Ki,24,212,212,https://megamitensei.fandom.com/wiki/Sui-Ki,"One of the four oni controlled by Fujiwara-no-Chikata. Named after water, Sui-ki can freeze anything to the core.",TRUE,FALSE,FALSE,FALSE,FALSE,FALSE
213,19,Kaguya Picaro,25,213,213,https://megamitensei.fandom.com/wiki/Kaguya_Hime,Parts of Kaguya's face and robes resemble Kusumi-no-Okami's.,TRUE,FALSE,FALSE,TRUE,FALSE,FALSE
214,19,Mothman,33,214,214,https://megamitensei.fandom.com/wiki/Mothman,"Mothman is a cryptid of American origin. In the mid-1960s, there were some sightings of a great winged creature with massive reddish eyes.",TRUE,FALSE,FALSE,FALSE,FALSE,FALSE
215,19,Girimehkala,43,215,215,https://megamitensei.fandom.com/wiki/Girimehkala,"It is suggested that Girimekhala is a demonized Ganesha or Airavata from Hinduism, as Buddhist Sri Lankans and the Hindu Indians have come into conflict several times throughout history.",TRUE,FALSE,FALSE,FALSE,FALSE,FALSE
216,19,Tsukuyomi,50,216,216,https://megamitensei.fandom.com/wiki/Tsukuyomi,"The lunar god in Shintoism. He was born of Izanagi's right eye as he bathed after his descent to the underworld, thus making him the brother of Amaterasu and Susano-O.",TRUE,FALSE,FALSE,TRUE,FALSE,FALSE
217,19,Tsukiyomi Picaro,55,217,217,https://megamitensei.fandom.com/wiki/Tsukuyomi,"The lunar god in Shintoism. He was born of Izanagi's right eye as he bathed after his descent to the underworld, thus making him the brother of Amaterasu and Susano-O.",TRUE,FALSE,FALSE,TRUE,FALSE,FALSE
218,19,Lilith,60,218,218,https://megamitensei.fandom.com/wiki/Lilith,"Lilith was originally a storm demon known as ""Lilitu"" in ancient Mesopotamian myth around 3000 BC and she was thought to have been the cause of disease, illness, and death.",TRUE,FALSE,FALSE,FALSE,FALSE,FALSE
219,19,Byakhee,70,219,219,https://megamitensei.fandom.com/wiki/Byakhee,First Appeared in Persona 2: Eternal Punishment,TRUE,FALSE,FALSE,FALSE,FALSE,FALSE
220,19,Sandalphon,75,220,220,https://megamitensei.fandom.com/wiki/Sandalphon,"Sandalphon is an archangel or seraphim that is prominently featured in Jewish mysticism, such as the Kabbalah where he resides in the Sephirot of Malkuth alongside his ""twin brother"" Metatron.",TRUE,FALSE,TRUE,FALSE,FALSE,FALSE
221,20,Suzaku,16,221,221,https://megamitensei.fandom.com/wiki/Suzaku,"The Zhu Que, also known as Vermilion Bird of the South or simply the Vermilion Bird, is one of theFour Symbols of the Chinese constellations(Si Xiang).",TRUE,FALSE,FALSE,FALSE,FALSE,FALSE
222,20,Thunderbird,34,222,222,https://megamitensei.fandom.com/wiki/Thunderbird,"The Thunderbird is a legendary creature found in Native American folklore. It's considered a ""supernatural"" bird of power and strength.",TRUE,FALSE,FALSE,FALSE,FALSE,FALSE
223,20,Mithras,39,223,223,https://megamitensei.fandom.com/wiki/Mithras,Mithras is a sun deity who was worshiped in the Roman empire from the 1st to the 4th century AD and is the patron of Mithraism.,TRUE,FALSE,FALSE,FALSE,FALSE,FALSE
224,20,Yurlungur,43,224,224,https://megamitensei.fandom.com/wiki/Yurlungur,"In aboriginal Australian mythology, the Yurlungur is a great copper snake that is said to bring the rains and thus incite the renewal of life.",TRUE,FALSE,FALSE,FALSE,FALSE,FALSE
225,20,Horus,47,225,225,https://megamitensei.fandom.com/wiki/Horus,First Appeared in Megami Tensei II,TRUE,FALSE,FALSE,FALSE,FALSE,FALSE
226,20,Ganesha,53,226,226,https://megamitensei.fandom.com/wiki/Ganesha,"Ganesha is one of the most worshiped deities in the Hindu pantheon and is known as the Lord of Obstacles, Lord of Beginnings, god of wisdom and intelligence and patron of arts and science",TRUE,FALSE,FALSE,FALSE,FALSE,FALSE
227,20,Quetzalcoatl,66,227,227,https://megamitensei.fandom.com/wiki/Quetzalcoatl,First Appeared in Megami Tensei I,TRUE,FALSE,FALSE,FALSE,FALSE,FALSE
228,20,Asura,76,228,228,https://megamitensei.fandom.com/wiki/Asura,Asuras are entities that take on varying roles in the Asian religions.,TRUE,TRUE,TRUE,FALSE,FALSE,FALSE
229,21,Anubis,34,229,229,https://megamitensei.fandom.com/wiki/Anubis,Anubis is widely known as the Egyptian deity of mummification.,TRUE,FALSE,FALSE,FALSE,FALSE,FALSE
230,21,Trumpeter,59,230,230,https://megamitensei.fandom.com/wiki/Trumpeter,The Trumpeter is based on one of the angels mentioned in the Book of Revelation of the New Testament.,TRUE,TRUE,FALSE,FALSE,FALSE,FALSE
231,21,Yamata no Orochi,64,231,231,https://megamitensei.fandom.com/wiki/Yamata_no_Orochi,Yamata no Orochi is an eight-headed and eight-tailed serpent from Japanese lore.,TRUE,FALSE,FALSE,FALSE,FALSE,FALSE
232,21,Abaddon,75,232,232,https://megamitensei.fandom.com/wiki/Abaddon,"In the later teachings of Revelation, Abaddon had become a being that personified the abyss, becoming known as the ""Angel of the Abyss.""",TRUE,FALSE,FALSE,FALSE,FALSE,FALSE
233,21,Messiah,81,233,233,https://megamitensei.fandom.com/wiki/Messiah_(Persona),"A messiah is regarded as the savior of mankind and would bring them salvation near to the end of days, although opinions between who the messiah refers to differs between religions.",TRUE,FALSE,FALSE,TRUE,FALSE,FALSE
234,21,Shiva,82,234,234,https://megamitensei.fandom.com/wiki/Shiva,"In the Hindu religion, Shiva the Destroyer is one of the three principal deities of the Trimurti (Hindu Triad) along with Brahma the Creator and  Vishnu the Preserver.",TRUE,FALSE,FALSE,FALSE,FALSE,FALSE
235,21,Michael,87,235,235,https://megamitensei.fandom.com/wiki/Michael,"Michael, also known as Mikail in Islam, is an Archangel, one of the principal 50 angels in Christian lore, and of the four archangels of Islamic tradition.",TRUE,TRUE,FALSE,FALSE,FALSE,FALSE
236,21,Messiah Picaro,90,236,236,https://megamitensei.fandom.com/wiki/Messiah_(Persona),"A messiah is regarded as the savior of mankind and would bring them salvation near to the end of days, although opinions between who the messiah refers to differs between religions.",TRUE,FALSE,FALSE,TRUE,FALSE,FALSE
237,21,Satan,92,237,237,https://megamitensei.fandom.com/wiki/Satan,The skill Black Viper is a reference to the snake that tempted Adam and Eve to eat the forbidden fruit.,TRUE,FALSE,TRUE,FALSE,FALSE,FALSE
238,22,Cendrillon*,75,238,238,https://megamitensei.fandom.com/wiki/Cendrillon,Cendrillon is the French adaptation of the classic folk tale Cinderella.,FALSE,FALSE,FALSE,FALSE,FALSE,FALSE
239,22,Freya*,0,239,239,https://megamitensei.fandom.com/wiki/Freya,"Freya is portrayed as a goddess of love, beauty and fertility. Blonde, blue-eyed and beautiful, Freya is described as the fairest of all goddesses, and people prayed to her for happiness in love.",FALSE,FALSE,FALSE,FALSE,TRUE,FALSE
240,22,Ella*,0,240,240,https://megamitensei.fandom.com/wiki/Ella,"Cinderella is not the actual name of the character (which, in some adaptions, is Ella), but a nickname from her stepfamily as she was often covered in cinders when sleeping next to a fireplace to keep warm.",FALSE,FALSE,FALSE,FALSE,TRUE,FALSE
241,22,Feng Huang,21,241,241,https://megamitensei.fandom.com/wiki/Feng_Huang,"Suzaku was mistakenly translated as Feng Huang in the English localization of many games in the Shin Megami Tensei franchise, including",TRUE,FALSE,FALSE,FALSE,FALSE,FALSE
242,22,Tam Lin,27,242,242,https://megamitensei.fandom.com/wiki/Tam_Lin,Tam Lin is a famous fairy who was said to haunt Caterhaugh Wood in England. He supposedly lured young women away to ruin them.,TRUE,FALSE,FALSE,FALSE,FALSE,FALSE
243,22,Unicorn,39,243,243,https://megamitensei.fandom.com/wiki/Unicorn,"Unicorns are said to have originated from Bicorns, and once had two horns. They are also thought to have been invented later as symbols of good to oppose the ""evil"" bicorns.",TRUE,FALSE,FALSE,FALSE,FALSE,FALSE
244,22,Okuninushi,54,244,244,https://megamitensei.fandom.com/wiki/Okuninushi,"Okuninushi's image was described as the ""Japanese version of Cu Chulainn"" during the production of Shin Megami Tensei III: Nocturne.",TRUE,FALSE,FALSE,FALSE,FALSE,FALSE
245,22,Orichalcum*,60,245,245,https://megamitensei.fandom.com/wiki/Orichalcum,"Orichalcum is a yellow metal, prized in ancient times, and mentioned in stories like Atlantis.",FALSE,FALSE,FALSE,FALSE,TRUE,FALSE
246,22,Atavaka,65,246,246,https://megamitensei.fandom.com/wiki/Atavaka,Unused Persona data for Atavaka can be found in Persona 5. It would later be officially added in Persona 5 Royal.,TRUE,FALSE,FALSE,FALSE,FALSE,FALSE
247,22,Cu Chulainn,76,247,247,https://megamitensei.fandom.com/wiki/Cu_Chulainn,"In 2017, Chu Chulainn was voted as the third most popular Demon in the Megami Tensei series.",TRUE,FALSE,FALSE,FALSE,FALSE,FALSE
248,22,Siegfried,84,248,248,https://megamitensei.fandom.com/wiki/Siegfried,"Siegfried is the dragon-slaying hero of the medieval German epic Das Nibelungenlied, most widely known due to its adaptation by Richard Wagner into a series of four operas,Der Ring des Nibelungen.",TRUE,FALSE,FALSE,FALSE,FALSE,FALSE
249,22,Maria,93,249,249,https://megamitensei.fandom.com/wiki/Maria,"Maria's latest design very likely takes inspiration from the cathedral of Sagrada Familia in Barcelona, Spain. This choice was likely influenced by the fact that the architect was a fervent devotee of the virgin Mary.",TRUE,FALSE,TRUE,FALSE,FALSE,FALSE
250,23,Azathoth*,0,250,250,https://megamitensei.fandom.com/wiki/Azathoth,"Azathoth, also known as The Blind Idiot God, the Nuclear Chaos, the Daemon Sultan, The Deep Dark, The Cold One, Achamoth or Vach-Viraj, is an Outer God in Lovecraft's Cthulhu Mythos.",FALSE,FALSE,FALSE,FALSE,TRUE,FALSE
251,23,Adam Kadmon*,0,251,251,https://megamitensei.fandom.com/wiki/Adam_Kadmon,"Adam Kadmon is the original man in the teachings of Kabbalah, untainted by earthly matter. He stands in contrast to the Adam of Eden, who was made from earthly clay.",FALSE,FALSE,FALSE,FALSE,TRUE,FALSE
252,23,Kusi Mitama,12,252,252,https://megamitensei.fandom.com/wiki/Kusi_Mitama,"It is believed to be have mysterious powers, to cause transformations and to be able to cure illnesses, as according to Shinto belief.",TRUE,FALSE,FALSE,FALSE,FALSE,FALSE
253,23,Nigi Mitama,22,253,253,https://megamitensei.fandom.com/wiki/Nigi_Mitama,"In Japanese belief, it is the calm and functional state of a person's soul, or kami.",TRUE,FALSE,FALSE,FALSE,FALSE,FALSE
254,23,Decarabia,32,254,254,https://megamitensei.fandom.com/wiki/Decarabia,"In 2017, Decarabia was voted as the seventh most popular Demon in the Megami Tensei series.",TRUE,FALSE,FALSE,FALSE,FALSE,FALSE
255,23,Ananta,44,255,255,https://megamitensei.fandom.com/wiki/Ananta,"According to Hindu mythology, Ananta is the King of all Nagas.",TRUE,FALSE,FALSE,FALSE,FALSE,FALSE
256,23,Yatagarasu,57,256,256,https://megamitensei.fandom.com/wiki/Yatagarasu,"In Japanese mythology, Yatagarasu has the appearance of the great bird and represents the will of heaven or divine intervention in human affairs.",TRUE,FALSE,FALSE,FALSE,FALSE,FALSE
257,23,Seiryu,62,257,257,https://megamitensei.fandom.com/wiki/Seiryu,In some official English versions this demon is incorrectly translated as Long,TRUE,FALSE,FALSE,FALSE,FALSE,FALSE
258,23,Dionysus,71,258,258,https://megamitensei.fandom.com/wiki/Dionysus,First Appeared in Shin Megami Tensei IfEc,TRUE,FALSE,FALSE,FALSE,FALSE,FALSE
259,23,Vohu Manah,80,259,259,https://megamitensei.fandom.com/wiki/Vohu_Manah,"In Zoroastrian mythology, he is one of the six Amesha Spentas.",TRUE,FALSE,TRUE,FALSE,FALSE,FALSE
260,24,Izanagi-no-Okami,80,260,260,https://megamitensei.fandom.com/wiki/Izanagi-no-Okami,Izanagi-no-Okami is the only playable Persona to bear the World Arcana since its debut in Persona 4.,TRUE,TRUE,FALSE,TRUE,FALSE,FALSE
261,24,Izanagi-no-Okami Picaro,89,261,261,https://megamitensei.fandom.com/wiki/Izanagi-no-Okami,This Persona and its normal variant are considered overpowerd due to it moveset and uniquie trait.,TRUE,TRUE,FALSE,TRUE,FALSE,FALSE
